,rank,title,artist,date,streams
0,1,Lollipop,Eldzhey,06/09/2020,"71,026"
1,2,ERRDAY,Big BaTape,06/09/2020,"61,439"
2,3,Coco L'Eau,Egor Kreed,06/09/2020,"54,662"
3,4,Dynamite,BTS,06/09/2020,"47,185"
4,5,Дежавю,kizaru,06/09/2020,"44,464"
5,6,WAP (feat. Megan Thee Stallion),Cardi B,06/09/2020,"43,841"
6,7,Cadillac,MORGENSHTERN,06/09/2020,"38,940"
7,8,Меня не будет,ANIKV,06/09/2020,"36,398"
8,9,Fendi,Rakhim,06/09/2020,"34,773"
9,10,Blinding Lights,The Weeknd,06/09/2020,"33,778"
10,11,Юность,Dabro,06/09/2020,"32,923"
11,12,X.O,The Limba,06/09/2020,"32,627"
12,13,Втюрилась,дора,06/09/2020,"31,547"
13,14,Москва любит...,Scriptonite,06/09/2020,"31,418"
14,15,Friendly Fire - Prod. Avepack,Boulevard Depo,06/09/2020,"31,307"
15,16,Поболело и прошло,HENSY,06/09/2020,"30,477"
16,17,Minor,Miyagi & Andy Panda,06/09/2020,"30,140"
17,18,Колхозник,Mnogoznaal,06/09/2020,"29,430"
18,19,Сияй,Ramil',06/09/2020,"28,825"
19,20,Ice Cream (with Selena Gomez),BLACKPINK,06/09/2020,"28,382"
20,21,ICE (feat. MORGENSHTERN),MORGENSHTERN,06/09/2020,"25,311"
21,22,Краш,Klava Koka,06/09/2020,"24,949"
22,23,БЕГИ feat. Poët,DJ Smash,06/09/2020,"23,374"
23,24,Если тебе будет грустно,Rauf & Faik,06/09/2020,"23,355"
24,25,Тепло,Max Korzh,06/09/2020,"22,891"
25,26,Положение,Scriptonite,06/09/2020,"21,912"
26,27,Аферист,Husky,06/09/2020,"21,412"
27,28,Narcos,kizaru,06/09/2020,"21,171"
28,29,Вали,Канги,06/09/2020,"21,072"
29,30,Забил,ATL,06/09/2020,"21,056"
30,31,2 типа людей,Max Korzh,06/09/2020,"20,908"
31,32,Trap Luv,Big BaTape,06/09/2020,"20,774"
32,33,Проснулся В Темноте,GONE.Fludd,06/09/2020,"19,025"
33,34,Дорадура,дора,06/09/2020,"18,982"
34,35,How You Like That,BLACKPINK,06/09/2020,"18,462"
35,36,молчи,кис-кис,06/09/2020,"18,095"
36,37,ROCKSTAR (feat. Roddy Ricch),DaBaby,06/09/2020,"18,026"
37,38,Плачу на техно,Cream Soda,06/09/2020,"17,023"
38,39,Honey's Kettle,kizaru,06/09/2020,"16,873"
39,40,ДЕВОЧКА С КАРЕ,MUKKA,06/09/2020,"16,816"
40,41,Angry toy$ - Prod. Ray Qwa,Boulevard Depo,06/09/2020,"16,722"
41,42,Kosandra,Miyagi & Andy Panda,06/09/2020,"16,535"
42,43,Obey (with YUNGBLUD),Bring Me The Horizon,06/09/2020,"16,534"
43,44,ВТОРНИК,GONE.Fludd,06/09/2020,"16,196"
44,45,Номера,LSP,06/09/2020,"16,194"
45,46,Yamakasi,Miyagi & Andy Panda,06/09/2020,"16,062"
46,47,Watermelon Sugar,Harry Styles,06/09/2020,"15,935"
47,48,MONEY LONG,kizaru,06/09/2020,"15,664"
48,49,Конфеты,Markul,06/09/2020,"15,620"
49,50,Без ключа,PHARAOH,06/09/2020,"15,565"
50,51,Времена,Max Korzh,06/09/2020,"15,498"
51,52,неболей,Basta,06/09/2020,"15,440"
52,53,Антигерой,Mnogoznaal,06/09/2020,"15,212"
53,54,Brooklyn,Miyagi & Andy Panda,06/09/2020,"14,931"
54,55,Mood (feat. Iann Dior),24kGoldn,06/09/2020,"14,845"
55,56,Не Киряй,MUKKA,06/09/2020,"14,470"
56,57,THE BADDEST,K/DA,06/09/2020,"14,377"
57,58,Всё в порядке,DK,06/09/2020,"14,267"
58,59,Стресс,SALUKI,06/09/2020,"14,150"
59,60,Днями-ночами,Pyrokinesis,06/09/2020,"14,100"
60,61,ЮМОРИСТ - Original Motion Picture Soundtrack,FACE,06/09/2020,"13,918"
61,62,Дерзко,Truwer,06/09/2020,"13,723"
62,63,Инкассатор,ROCKET,06/09/2020,"13,695"
63,64,Серпантин,Markul,06/09/2020,"13,640"
64,65,Танцы,ssshhhiiittt!,06/09/2020,"13,453"
65,66,Привычка,Scriptonite,06/09/2020,"13,416"
66,67,Gimme The Loot,Big BaTape,06/09/2020,"13,395"
67,68,Midnight Sky,Miley Cyrus,06/09/2020,"13,333"
68,69,Falling,Trevor Daniel,06/09/2020,"13,291"
69,70,Lovefool,twocolors,06/09/2020,"13,268"
70,71,Серпантин,ATL,06/09/2020,"13,206"
71,72,Мультибрендовый,Scriptonite,06/09/2020,"13,130"
72,73,Любимка,NILETTO,06/09/2020,"13,123"
73,74,РАТАТАТАТА,MORGENSHTERN,06/09/2020,"13,086"
74,75,Увезите меня на Дип-хаус,GAYAZOV$ BROTHER$,06/09/2020,"12,974"
75,76,Breaking Me,Topic,06/09/2020,"12,966"
76,77,Покинула чат,Klava Koka,06/09/2020,"12,963"
77,78,Новый Мерин,MORGENSHTERN,06/09/2020,"12,923"
78,79,She Wants,ROCKET,06/09/2020,"12,886"
79,80,911,Eldzhey,06/09/2020,"12,814"
80,81,Цепи,Scriptonite,06/09/2020,"12,798"
81,82,Ураган (feat. V $ X V PRiNCE),GUF,06/09/2020,"12,382"
82,83,Кино,MACAN,06/09/2020,"12,305"
83,84,Ананасовый сироп,Natan,06/09/2020,"12,271"
84,85,Roses - Imanbek Remix,SAINt JHN,06/09/2020,"12,214"
85,86,Надежда,FACE,06/09/2020,"12,187"
86,87,Kings & Queens,Ava Max,06/09/2020,"12,170"
87,88,Lollipop,Gafur,06/09/2020,"12,123"
88,89,Шантаж,Max Korzh,06/09/2020,"11,922"
89,90,Utopia,Miyagi & Andy Panda,06/09/2020,"11,843"
90,91,Между Нами,LIZER,06/09/2020,"11,823"
91,92,В последний раз,Tima Belorusskih,06/09/2020,"11,698"
92,93,27,FEDUK,06/09/2020,"11,689"
93,94,Там ревели горы,Miyagi & Andy Panda,06/09/2020,"11,619"
94,95,Star Shopping,Lil Peep,06/09/2020,"11,617"
95,96,Бандана,Платина,06/09/2020,"11,518"
96,97,Малый повзрослел,Max Korzh,06/09/2020,"11,432"
97,98,Малолетка,Max Korzh,06/09/2020,"11,413"
98,99,POPSTAR (feat. Drake),DJ Khaled,06/09/2020,"11,400"
99,100,B.I.D,Markul,06/09/2020,"11,388"
100,101,Laugh Now Cry Later (feat. Lil Durk),Drake,06/09/2020,"11,378"
101,102,Кукла колдуна,Korol i Shut,06/09/2020,"11,320"
102,103,10 негритят,LSP,06/09/2020,"11,105"
103,104,Гостиница Космос,Mnogoznaal,06/09/2020,"11,085"
104,105,Не по пути,PHARAOH,06/09/2020,"11,053"
105,106,Infinite Tsukuyomi,ROCKET,06/09/2020,"10,947"
106,107,Рашан моуст уонтэд,kizaru,06/09/2020,"10,922"
107,108,Hokage,Big BaTape,06/09/2020,"10,882"
108,109,Мне пох,Klava Koka,06/09/2020,"10,845"
109,110,Пачка сигарет,LIZER,06/09/2020,"10,821"
110,111,Грустная Песня (feat. Егор Крид & MORGENSHTERN),THRILL PILL,06/09/2020,"10,800"
111,112,Toosie Slide,Drake,06/09/2020,"10,790"
112,113,HIGHEST IN THE ROOM,Travis Scott,06/09/2020,"10,789"
113,114,77,MACAN,06/09/2020,"10,751"
114,115,Нон стоп,Poshlaja Molli,06/09/2020,"10,713"
115,116,Танцуйте,ATL,06/09/2020,"10,668"
116,117,Лига легенд,Noize MC,06/09/2020,"10,665"
117,118,Balenciaga,FILV,06/09/2020,"10,661"
118,119,Fly 2,Zivert,06/09/2020,"10,610"
119,120,Ты беспощадна,JONY,06/09/2020,"10,548"
120,121,СПАСАТЕЛЬНЫЙ КРУГ,FACE,06/09/2020,"10,496"
121,122,Это любовь,Scriptonite,06/09/2020,"10,427"
122,123,Таблетка,Dzharo & Khanza,06/09/2020,"10,396"
123,124,Surname (Prod. DJ Tape & Aarne),Big BaTape,06/09/2020,"10,280"
124,125,МАЛЬЧИК,ФОГЕЛЬ,06/09/2020,"10,207"
125,126,"WHATS POPPIN (feat. DaBaby, Tory Lanez & Lil Wayne) - Remix",Jack Harlow,06/09/2020,"10,198"
126,127,ODIUM,LXST CXNTURY,06/09/2020,"10,197"
127,128,August,Intelligency,06/09/2020,"10,159"
128,129,Лето на ветер,GUF,06/09/2020,"10,144"
129,130,СМУЗИ,The Limba,06/09/2020,"10,127"
130,131,В Потолок (feat. Boulevard Depo),KURT92,06/09/2020,"10,121"
131,132,Марабу,ATL,06/09/2020,"10,092"
132,133,Such a Whore (Stellular Remix),Jvla,06/09/2020,"10,091"
133,134,X2 - Prod. Gredy,Boulevard Depo,06/09/2020,"10,071"
134,135,НЕ ЖАЛЬ,104,06/09/2020,"10,061"
135,136,Boom Boom,LOBODA,06/09/2020,"10,052"
136,137,Perfect World,ROCKET,06/09/2020,"10,028"
137,138,Мишка (feat. KATERINA),Poshlaja Molli,06/09/2020,"9,964"
138,139,Smile (with The Weeknd),Juice WRLD,06/09/2020,"9,944"
139,140,SICKO MODE,Travis Scott,06/09/2020,"9,923"
140,141,Комета,JONY,06/09/2020,"9,744"
141,142,Малиновый закат,Max Korzh,06/09/2020,"9,721"
142,143,Евгений Онегин,kizaru,06/09/2020,"9,688"
143,144,Air Force 1,lil krystalll,06/09/2020,"9,665"
144,145,THE SCOTTS,THE SCOTTS,06/09/2020,"9,628"
145,146,OMG What's Happening,Ava Max,06/09/2020,"9,601"
146,147,ЯТЛ,Zivert,06/09/2020,"9,570"
147,148,Было или нет?,ANIKV,06/09/2020,"9,530"
148,149,goosebumps,Travis Scott,06/09/2020,"9,493"
149,150,Yung Hefner,MORGENSHTERN,06/09/2020,"9,453"
150,151,For The Night (feat. Lil Baby & DaBaby),Pop Smoke,06/09/2020,"9,442"
151,152,GOOBA,6ix9ine,06/09/2020,"9,360"
152,153,"Lemonade (feat. Gunna, Don Toliver & NAV)",Internet Money,06/09/2020,"9,333"
153,154,Phantom,Markul,06/09/2020,"9,243"
154,155,Девочка танцуй,Artik & Asti,06/09/2020,"9,219"
155,156,Девочка в классе,Dzhizus,06/09/2020,"9,174"
156,157,Break My Heart,Dua Lipa,06/09/2020,"9,131"
157,158,Горы по колено,Max Korzh,06/09/2020,"9,120"
158,159,KONSTRUKT,PORCHY,06/09/2020,"9,114"
159,160,Say No Mo,kizaru,06/09/2020,"9,091"
160,161,Тёмно-оранжевый закат,Папин Олимпос,06/09/2020,"9,077"
161,162,Blueberry Faygo,Lil Mosey,06/09/2020,"9,060"
162,163,Двигаться,Raim,06/09/2020,"9,027"
163,164,"Бэнтли, Бенз и Бумер",Платина,06/09/2020,"9,020"
164,165,Худший друг,Markul,06/09/2020,"8,965"
165,166,что для тебя красота,maslo chernogo tmina,06/09/2020,"8,933"
166,167,Где нас нет,Oxxxymiron,06/09/2020,"8,851"
167,168,Daechwita,Agust D,06/09/2020,"8,840"
168,169,Полковнику никто не пишет,Bi-2,06/09/2020,"8,822"
169,170,"The Plan - From the Motion Picture ""TENET""",Travis Scott,06/09/2020,"8,815"
170,171,А если это любовь?,HammAli & Navai,06/09/2020,"8,808"
171,172,ON,BTS,06/09/2020,"8,805"
172,173,2 минуты,Markul,06/09/2020,"8,772"
173,174,Ламбада,T-Fest,06/09/2020,"8,771"
174,175,Девочка с картинки,Egor Kreed,06/09/2020,"8,744"
175,176,Come & Go (with Marshmello),Juice WRLD,06/09/2020,"8,727"
176,177,Прыгну со скалы,Korol i Shut,06/09/2020,"8,720"
177,178,3x3,Gruppa Skryptonite,06/09/2020,"8,703"
178,179,The Box,Roddy Ricch,06/09/2020,"8,703"
179,180,Fata Morgana,Markul,06/09/2020,"8,672"
180,181,Ахегао,MAYBE BABY,06/09/2020,"8,667"
181,182,Мы открываем бизнес (Skit),SHOOVAL,06/09/2020,"8,662"
182,183,Лютики,просто Лера,06/09/2020,"8,592"
183,184,Money long,kizaru,06/09/2020,"8,569"
184,185,Хочу перемен,Kino,06/09/2020,"8,562"
185,186,Минимум,Ямаджи,06/09/2020,"8,521"
186,187,I Got Love,MiyaGi & Endspiel,06/09/2020,"8,493"
187,188,Больше бед,Markul,06/09/2020,"8,485"
188,189,Младшая сестра,дора,06/09/2020,"8,480"
189,190,God’s Menu,Stray Kids,06/09/2020,"8,458"
190,191,Savage Love (Laxed - Siren Beat),Jawsh 685,06/09/2020,"8,431"
191,192,Falling Down - Bonus Track,Lil Peep,06/09/2020,"8,408"
192,193,Иуда,Husky,06/09/2020,"8,385"
193,194,Остров,МЫ,06/09/2020,"8,384"
194,195,ВКУС ЯДА (feat. IROH),GONE.Fludd,06/09/2020,"8,374"
195,196,Ау,10AGE,06/09/2020,"8,359"
196,197,Не пускайте танцевать,Timran,06/09/2020,"8,333"
197,198,Монетка,LSP,06/09/2020,"8,318"
198,199,NBA (Не мешай),RSAC,06/09/2020,"8,298"
199,200,Dance Monkey,Tones And I,06/09/2020,"8,284"
200,1,Lollipop,Eldzhey,07/09/2020,"71,026"
201,2,ERRDAY,Big BaTape,07/09/2020,"61,439"
202,3,Coco L'Eau,Egor Kreed,07/09/2020,"54,662"
203,4,Dynamite,BTS,07/09/2020,"47,185"
204,5,Дежавю,kizaru,07/09/2020,"44,464"
205,6,WAP (feat. Megan Thee Stallion),Cardi B,07/09/2020,"43,841"
206,7,Cadillac,MORGENSHTERN,07/09/2020,"38,940"
207,8,Меня не будет,ANIKV,07/09/2020,"36,398"
208,9,Fendi,Rakhim,07/09/2020,"34,773"
209,10,Blinding Lights,The Weeknd,07/09/2020,"33,778"
210,11,Юность,Dabro,07/09/2020,"32,923"
211,12,X.O,The Limba,07/09/2020,"32,627"
212,13,Втюрилась,дора,07/09/2020,"31,547"
213,14,Москва любит...,Scriptonite,07/09/2020,"31,418"
214,15,Friendly Fire - Prod. Avepack,Boulevard Depo,07/09/2020,"31,307"
215,16,Поболело и прошло,HENSY,07/09/2020,"30,477"
216,17,Minor,Miyagi & Andy Panda,07/09/2020,"30,140"
217,18,Колхозник,Mnogoznaal,07/09/2020,"29,430"
218,19,Сияй,Ramil',07/09/2020,"28,825"
219,20,Ice Cream (with Selena Gomez),BLACKPINK,07/09/2020,"28,382"
220,21,ICE (feat. MORGENSHTERN),MORGENSHTERN,07/09/2020,"25,311"
221,22,Краш,Klava Koka,07/09/2020,"24,949"
222,23,БЕГИ feat. Poët,DJ Smash,07/09/2020,"23,374"
223,24,Если тебе будет грустно,Rauf & Faik,07/09/2020,"23,355"
224,25,Тепло,Max Korzh,07/09/2020,"22,891"
225,26,Положение,Scriptonite,07/09/2020,"21,912"
226,27,Аферист,Husky,07/09/2020,"21,412"
227,28,Narcos,kizaru,07/09/2020,"21,171"
228,29,Вали,Канги,07/09/2020,"21,072"
229,30,Забил,ATL,07/09/2020,"21,056"
230,31,2 типа людей,Max Korzh,07/09/2020,"20,908"
231,32,Trap Luv,Big BaTape,07/09/2020,"20,774"
232,33,Проснулся В Темноте,GONE.Fludd,07/09/2020,"19,025"
233,34,Дорадура,дора,07/09/2020,"18,982"
234,35,How You Like That,BLACKPINK,07/09/2020,"18,462"
235,36,молчи,кис-кис,07/09/2020,"18,095"
236,37,ROCKSTAR (feat. Roddy Ricch),DaBaby,07/09/2020,"18,026"
237,38,Плачу на техно,Cream Soda,07/09/2020,"17,023"
238,39,Honey's Kettle,kizaru,07/09/2020,"16,873"
239,40,ДЕВОЧКА С КАРЕ,MUKKA,07/09/2020,"16,816"
240,41,Angry toy$ - Prod. Ray Qwa,Boulevard Depo,07/09/2020,"16,722"
241,42,Kosandra,Miyagi & Andy Panda,07/09/2020,"16,535"
242,43,Obey (with YUNGBLUD),Bring Me The Horizon,07/09/2020,"16,534"
243,44,ВТОРНИК,GONE.Fludd,07/09/2020,"16,196"
244,45,Номера,LSP,07/09/2020,"16,194"
245,46,Yamakasi,Miyagi & Andy Panda,07/09/2020,"16,062"
246,47,Watermelon Sugar,Harry Styles,07/09/2020,"15,935"
247,48,MONEY LONG,kizaru,07/09/2020,"15,664"
248,49,Конфеты,Markul,07/09/2020,"15,620"
249,50,Без ключа,PHARAOH,07/09/2020,"15,565"
250,51,Времена,Max Korzh,07/09/2020,"15,498"
251,52,неболей,Basta,07/09/2020,"15,440"
252,53,Антигерой,Mnogoznaal,07/09/2020,"15,212"
253,54,Brooklyn,Miyagi & Andy Panda,07/09/2020,"14,931"
254,55,Mood (feat. Iann Dior),24kGoldn,07/09/2020,"14,845"
255,56,Не Киряй,MUKKA,07/09/2020,"14,470"
256,57,THE BADDEST,K/DA,07/09/2020,"14,377"
257,58,Всё в порядке,DK,07/09/2020,"14,267"
258,59,Стресс,SALUKI,07/09/2020,"14,150"
259,60,Днями-ночами,Pyrokinesis,07/09/2020,"14,100"
260,61,ЮМОРИСТ - Original Motion Picture Soundtrack,FACE,07/09/2020,"13,918"
261,62,Дерзко,Truwer,07/09/2020,"13,723"
262,63,Инкассатор,ROCKET,07/09/2020,"13,695"
263,64,Серпантин,Markul,07/09/2020,"13,640"
264,65,Танцы,ssshhhiiittt!,07/09/2020,"13,453"
265,66,Привычка,Scriptonite,07/09/2020,"13,416"
266,67,Gimme The Loot,Big BaTape,07/09/2020,"13,395"
267,68,Midnight Sky,Miley Cyrus,07/09/2020,"13,333"
268,69,Falling,Trevor Daniel,07/09/2020,"13,291"
269,70,Lovefool,twocolors,07/09/2020,"13,268"
270,71,Серпантин,ATL,07/09/2020,"13,206"
271,72,Мультибрендовый,Scriptonite,07/09/2020,"13,130"
272,73,Любимка,NILETTO,07/09/2020,"13,123"
273,74,РАТАТАТАТА,MORGENSHTERN,07/09/2020,"13,086"
274,75,Увезите меня на Дип-хаус,GAYAZOV$ BROTHER$,07/09/2020,"12,974"
275,76,Breaking Me,Topic,07/09/2020,"12,966"
276,77,Покинула чат,Klava Koka,07/09/2020,"12,963"
277,78,Новый Мерин,MORGENSHTERN,07/09/2020,"12,923"
278,79,She Wants,ROCKET,07/09/2020,"12,886"
279,80,911,Eldzhey,07/09/2020,"12,814"
280,81,Цепи,Scriptonite,07/09/2020,"12,798"
281,82,Ураган (feat. V $ X V PRiNCE),GUF,07/09/2020,"12,382"
282,83,Кино,MACAN,07/09/2020,"12,305"
283,84,Ананасовый сироп,Natan,07/09/2020,"12,271"
284,85,Roses - Imanbek Remix,SAINt JHN,07/09/2020,"12,214"
285,86,Надежда,FACE,07/09/2020,"12,187"
286,87,Kings & Queens,Ava Max,07/09/2020,"12,170"
287,88,Lollipop,Gafur,07/09/2020,"12,123"
288,89,Шантаж,Max Korzh,07/09/2020,"11,922"
289,90,Utopia,Miyagi & Andy Panda,07/09/2020,"11,843"
290,91,Между Нами,LIZER,07/09/2020,"11,823"
291,92,В последний раз,Tima Belorusskih,07/09/2020,"11,698"
292,93,27,FEDUK,07/09/2020,"11,689"
293,94,Там ревели горы,Miyagi & Andy Panda,07/09/2020,"11,619"
294,95,Star Shopping,Lil Peep,07/09/2020,"11,617"
295,96,Бандана,Платина,07/09/2020,"11,518"
296,97,Малый повзрослел,Max Korzh,07/09/2020,"11,432"
297,98,Малолетка,Max Korzh,07/09/2020,"11,413"
298,99,POPSTAR (feat. Drake),DJ Khaled,07/09/2020,"11,400"
299,100,B.I.D,Markul,07/09/2020,"11,388"
300,101,Laugh Now Cry Later (feat. Lil Durk),Drake,07/09/2020,"11,378"
301,102,Кукла колдуна,Korol i Shut,07/09/2020,"11,320"
302,103,10 негритят,LSP,07/09/2020,"11,105"
303,104,Гостиница Космос,Mnogoznaal,07/09/2020,"11,085"
304,105,Не по пути,PHARAOH,07/09/2020,"11,053"
305,106,Infinite Tsukuyomi,ROCKET,07/09/2020,"10,947"
306,107,Рашан моуст уонтэд,kizaru,07/09/2020,"10,922"
307,108,Hokage,Big BaTape,07/09/2020,"10,882"
308,109,Мне пох,Klava Koka,07/09/2020,"10,845"
309,110,Пачка сигарет,LIZER,07/09/2020,"10,821"
310,111,Грустная Песня (feat. Егор Крид & MORGENSHTERN),THRILL PILL,07/09/2020,"10,800"
311,112,Toosie Slide,Drake,07/09/2020,"10,790"
312,113,HIGHEST IN THE ROOM,Travis Scott,07/09/2020,"10,789"
313,114,77,MACAN,07/09/2020,"10,751"
314,115,Нон стоп,Poshlaja Molli,07/09/2020,"10,713"
315,116,Танцуйте,ATL,07/09/2020,"10,668"
316,117,Лига легенд,Noize MC,07/09/2020,"10,665"
317,118,Balenciaga,FILV,07/09/2020,"10,661"
318,119,Fly 2,Zivert,07/09/2020,"10,610"
319,120,Ты беспощадна,JONY,07/09/2020,"10,548"
320,121,СПАСАТЕЛЬНЫЙ КРУГ,FACE,07/09/2020,"10,496"
321,122,Это любовь,Scriptonite,07/09/2020,"10,427"
322,123,Таблетка,Dzharo & Khanza,07/09/2020,"10,396"
323,124,Surname (Prod. DJ Tape & Aarne),Big BaTape,07/09/2020,"10,280"
324,125,МАЛЬЧИК,ФОГЕЛЬ,07/09/2020,"10,207"
325,126,"WHATS POPPIN (feat. DaBaby, Tory Lanez & Lil Wayne) - Remix",Jack Harlow,07/09/2020,"10,198"
326,127,ODIUM,LXST CXNTURY,07/09/2020,"10,197"
327,128,August,Intelligency,07/09/2020,"10,159"
328,129,Лето на ветер,GUF,07/09/2020,"10,144"
329,130,СМУЗИ,The Limba,07/09/2020,"10,127"
330,131,В Потолок (feat. Boulevard Depo),KURT92,07/09/2020,"10,121"
331,132,Марабу,ATL,07/09/2020,"10,092"
332,133,Such a Whore (Stellular Remix),Jvla,07/09/2020,"10,091"
333,134,X2 - Prod. Gredy,Boulevard Depo,07/09/2020,"10,071"
334,135,НЕ ЖАЛЬ,104,07/09/2020,"10,061"
335,136,Boom Boom,LOBODA,07/09/2020,"10,052"
336,137,Perfect World,ROCKET,07/09/2020,"10,028"
337,138,Мишка (feat. KATERINA),Poshlaja Molli,07/09/2020,"9,964"
338,139,Smile (with The Weeknd),Juice WRLD,07/09/2020,"9,944"
339,140,SICKO MODE,Travis Scott,07/09/2020,"9,923"
340,141,Комета,JONY,07/09/2020,"9,744"
341,142,Малиновый закат,Max Korzh,07/09/2020,"9,721"
342,143,Евгений Онегин,kizaru,07/09/2020,"9,688"
343,144,Air Force 1,lil krystalll,07/09/2020,"9,665"
344,145,THE SCOTTS,THE SCOTTS,07/09/2020,"9,628"
345,146,OMG What's Happening,Ava Max,07/09/2020,"9,601"
346,147,ЯТЛ,Zivert,07/09/2020,"9,570"
347,148,Было или нет?,ANIKV,07/09/2020,"9,530"
348,149,goosebumps,Travis Scott,07/09/2020,"9,493"
349,150,Yung Hefner,MORGENSHTERN,07/09/2020,"9,453"
350,151,For The Night (feat. Lil Baby & DaBaby),Pop Smoke,07/09/2020,"9,442"
351,152,GOOBA,6ix9ine,07/09/2020,"9,360"
352,153,"Lemonade (feat. Gunna, Don Toliver & NAV)",Internet Money,07/09/2020,"9,333"
353,154,Phantom,Markul,07/09/2020,"9,243"
354,155,Девочка танцуй,Artik & Asti,07/09/2020,"9,219"
355,156,Девочка в классе,Dzhizus,07/09/2020,"9,174"
356,157,Break My Heart,Dua Lipa,07/09/2020,"9,131"
357,158,Горы по колено,Max Korzh,07/09/2020,"9,120"
358,159,KONSTRUKT,PORCHY,07/09/2020,"9,114"
359,160,Say No Mo,kizaru,07/09/2020,"9,091"
360,161,Тёмно-оранжевый закат,Папин Олимпос,07/09/2020,"9,077"
361,162,Blueberry Faygo,Lil Mosey,07/09/2020,"9,060"
362,163,Двигаться,Raim,07/09/2020,"9,027"
363,164,"Бэнтли, Бенз и Бумер",Платина,07/09/2020,"9,020"
364,165,Худший друг,Markul,07/09/2020,"8,965"
365,166,что для тебя красота,maslo chernogo tmina,07/09/2020,"8,933"
366,167,Где нас нет,Oxxxymiron,07/09/2020,"8,851"
367,168,Daechwita,Agust D,07/09/2020,"8,840"
368,169,Полковнику никто не пишет,Bi-2,07/09/2020,"8,822"
369,170,"The Plan - From the Motion Picture ""TENET""",Travis Scott,07/09/2020,"8,815"
370,171,А если это любовь?,HammAli & Navai,07/09/2020,"8,808"
371,172,ON,BTS,07/09/2020,"8,805"
372,173,2 минуты,Markul,07/09/2020,"8,772"
373,174,Ламбада,T-Fest,07/09/2020,"8,771"
374,175,Девочка с картинки,Egor Kreed,07/09/2020,"8,744"
375,176,Come & Go (with Marshmello),Juice WRLD,07/09/2020,"8,727"
376,177,Прыгну со скалы,Korol i Shut,07/09/2020,"8,720"
377,178,3x3,Gruppa Skryptonite,07/09/2020,"8,703"
378,179,The Box,Roddy Ricch,07/09/2020,"8,703"
379,180,Fata Morgana,Markul,07/09/2020,"8,672"
380,181,Ахегао,MAYBE BABY,07/09/2020,"8,667"
381,182,Мы открываем бизнес (Skit),SHOOVAL,07/09/2020,"8,662"
382,183,Лютики,просто Лера,07/09/2020,"8,592"
383,184,Money long,kizaru,07/09/2020,"8,569"
384,185,Хочу перемен,Kino,07/09/2020,"8,562"
385,186,Минимум,Ямаджи,07/09/2020,"8,521"
386,187,I Got Love,MiyaGi & Endspiel,07/09/2020,"8,493"
387,188,Больше бед,Markul,07/09/2020,"8,485"
388,189,Младшая сестра,дора,07/09/2020,"8,480"
389,190,God’s Menu,Stray Kids,07/09/2020,"8,458"
390,191,Savage Love (Laxed - Siren Beat),Jawsh 685,07/09/2020,"8,431"
391,192,Falling Down - Bonus Track,Lil Peep,07/09/2020,"8,408"
392,193,Иуда,Husky,07/09/2020,"8,385"
393,194,Остров,МЫ,07/09/2020,"8,384"
394,195,ВКУС ЯДА (feat. IROH),GONE.Fludd,07/09/2020,"8,374"
395,196,Ау,10AGE,07/09/2020,"8,359"
396,197,Не пускайте танцевать,Timran,07/09/2020,"8,333"
397,198,Монетка,LSP,07/09/2020,"8,318"
398,199,NBA (Не мешай),RSAC,07/09/2020,"8,298"
399,200,Dance Monkey,Tones And I,07/09/2020,"8,284"
400,1,Lollipop,Eldzhey,07/09/2020,"70,725"
401,2,ERRDAY,Big BaTape,07/09/2020,"64,812"
402,3,Coco L'Eau,Egor Kreed,07/09/2020,"54,690"
403,4,Дежавю,kizaru,07/09/2020,"46,851"
404,5,Dynamite,BTS,07/09/2020,"46,822"
405,6,WAP (feat. Megan Thee Stallion),Cardi B,07/09/2020,"44,692"
406,7,Меня не будет,ANIKV,07/09/2020,"38,512"
407,8,Cadillac,MORGENSHTERN,07/09/2020,"37,605"
408,9,Fendi,Rakhim,07/09/2020,"35,110"
409,10,Москва любит...,Scriptonite,07/09/2020,"34,964"
410,11,Blinding Lights,The Weeknd,07/09/2020,"34,645"
411,12,X.O,The Limba,07/09/2020,"33,691"
412,13,Friendly Fire - Prod. Avepack,Boulevard Depo,07/09/2020,"33,588"
413,14,Юность,Dabro,07/09/2020,"32,979"
414,15,Втюрилась,дора,07/09/2020,"32,163"
415,16,Minor,Miyagi & Andy Panda,07/09/2020,"32,009"
416,17,Колхозник,Mnogoznaal,07/09/2020,"31,769"
417,18,Поболело и прошло,HENSY,07/09/2020,"31,695"
418,19,Сияй,Ramil',07/09/2020,"29,645"
419,20,Ice Cream (with Selena Gomez),BLACKPINK,07/09/2020,"28,227"
420,21,ICE (feat. MORGENSHTERN),MORGENSHTERN,07/09/2020,"26,249"
421,22,БЕГИ feat. Poët,DJ Smash,07/09/2020,"25,057"
422,23,Тепло,Max Korzh,07/09/2020,"25,023"
423,24,Если тебе будет грустно,Rauf & Faik,07/09/2020,"24,452"
424,25,Положение,Scriptonite,07/09/2020,"24,279"
425,26,Краш,Klava Koka,07/09/2020,"24,057"
426,27,Забил,ATL,07/09/2020,"23,869"
427,28,Narcos,kizaru,07/09/2020,"22,908"
428,29,Вали,Канги,07/09/2020,"22,030"
429,30,Аферист,Husky,07/09/2020,"21,962"
430,31,2 типа людей,Max Korzh,07/09/2020,"21,757"
431,32,Trap Luv,Big BaTape,07/09/2020,"21,495"
432,33,Проснулся В Темноте,GONE.Fludd,07/09/2020,"20,416"
433,34,молчи,кис-кис,07/09/2020,"18,979"
434,35,Дорадура,дора,07/09/2020,"18,908"
435,36,Honey's Kettle,kizaru,07/09/2020,"18,652"
436,37,How You Like That,BLACKPINK,07/09/2020,"18,631"
437,38,Номера,LSP,07/09/2020,"18,384"
438,39,Obey (with YUNGBLUD),Bring Me The Horizon,07/09/2020,"18,338"
439,40,ROCKSTAR (feat. Roddy Ricch),DaBaby,07/09/2020,"18,128"
440,41,Angry toy$ - Prod. Ray Qwa,Boulevard Depo,07/09/2020,"17,953"
441,42,Конфеты,Markul,07/09/2020,"17,623"
442,43,ВТОРНИК,GONE.Fludd,07/09/2020,"17,453"
443,44,Yamakasi,Miyagi & Andy Panda,07/09/2020,"17,314"
444,45,Без ключа,PHARAOH,07/09/2020,"17,003"
445,46,Kosandra,Miyagi & Andy Panda,07/09/2020,"16,894"
446,47,ДЕВОЧКА С КАРЕ,MUKKA,07/09/2020,"16,888"
447,48,MONEY LONG,kizaru,07/09/2020,"16,731"
448,49,Времена,Max Korzh,07/09/2020,"16,709"
449,50,Плачу на техно,Cream Soda,07/09/2020,"16,581"
450,51,неболей,Basta,07/09/2020,"16,558"
451,52,Watermelon Sugar,Harry Styles,07/09/2020,"16,557"
452,53,Антигерой,Mnogoznaal,07/09/2020,"16,256"
453,54,Днями-ночами,Pyrokinesis,07/09/2020,"15,499"
454,55,Brooklyn,Miyagi & Andy Panda,07/09/2020,"15,465"
455,56,Mood (feat. Iann Dior),24kGoldn,07/09/2020,"15,464"
456,57,Не Киряй,MUKKA,07/09/2020,"15,398"
457,58,Стресс,SALUKI,07/09/2020,"15,368"
458,59,Серпантин,ATL,07/09/2020,"15,037"
459,60,Инкассатор,ROCKET,07/09/2020,"15,025"
460,61,Всё в порядке,DK,07/09/2020,"15,013"
461,62,Привычка,Scriptonite,07/09/2020,"14,843"
462,63,THE BADDEST,K/DA,07/09/2020,"14,720"
463,64,ЮМОРИСТ - Original Motion Picture Soundtrack,FACE,07/09/2020,"14,489"
464,65,Серпантин,Markul,07/09/2020,"14,469"
465,66,Танцы,ssshhhiiittt!,07/09/2020,"14,377"
466,67,Цепи,Scriptonite,07/09/2020,"14,296"
467,68,Midnight Sky,Miley Cyrus,07/09/2020,"14,190"
468,69,Мультибрендовый,Scriptonite,07/09/2020,"13,942"
469,70,Дерзко,Truwer,07/09/2020,"13,757"
470,71,911,Eldzhey,07/09/2020,"13,713"
471,72,She Wants,ROCKET,07/09/2020,"13,686"
472,73,Ураган (feat. V $ X V PRiNCE),GUF,07/09/2020,"13,656"
473,74,Lovefool,twocolors,07/09/2020,"13,343"
474,75,Новый Мерин,MORGENSHTERN,07/09/2020,"13,309"
475,76,Breaking Me,Topic,07/09/2020,"13,304"
476,77,Gimme The Loot,Big BaTape,07/09/2020,"13,242"
477,78,Falling,Trevor Daniel,07/09/2020,"13,193"
478,79,Шантаж,Max Korzh,07/09/2020,"13,024"
479,80,Кино,MACAN,07/09/2020,"12,906"
480,81,Utopia,Miyagi & Andy Panda,07/09/2020,"12,837"
481,82,Kings & Queens,Ava Max,07/09/2020,"12,736"
482,83,POPSTAR (feat. Drake),DJ Khaled,07/09/2020,"12,716"
483,84,Покинула чат,Klava Koka,07/09/2020,"12,691"
484,85,Там ревели горы,Miyagi & Andy Panda,07/09/2020,"12,679"
485,86,РАТАТАТАТА,MORGENSHTERN,07/09/2020,"12,652"
486,87,Увезите меня на Дип-хаус,GAYAZOV$ BROTHER$,07/09/2020,"12,592"
487,88,77,MACAN,07/09/2020,"12,483"
488,89,Ананасовый сироп,Natan,07/09/2020,"12,395"
489,90,Надежда,FACE,07/09/2020,"12,393"
490,91,Lollipop,Gafur,07/09/2020,"12,357"
491,92,Кукла колдуна,Korol i Shut,07/09/2020,"12,233"
492,93,Любимка,NILETTO,07/09/2020,"12,232"
493,94,Roses - Imanbek Remix,SAINt JHN,07/09/2020,"12,228"
494,95,Между Нами,LIZER,07/09/2020,"12,228"
495,96,В последний раз,Tima Belorusskih,07/09/2020,"12,194"
496,97,Не по пути,PHARAOH,07/09/2020,"12,141"
497,98,Бандана,Платина,07/09/2020,"12,089"
498,99,Танцуйте,ATL,07/09/2020,"11,990"
499,100,B.I.D,Markul,07/09/2020,"11,958"
500,101,Гостиница Космос,Mnogoznaal,07/09/2020,"11,954"
501,102,Рашан моуст уонтэд,kizaru,07/09/2020,"11,838"
502,103,Star Shopping,Lil Peep,07/09/2020,"11,817"
503,104,Laugh Now Cry Later (feat. Lil Durk),Drake,07/09/2020,"11,812"
504,105,Малый повзрослел,Max Korzh,07/09/2020,"11,575"
505,106,Infinite Tsukuyomi,ROCKET,07/09/2020,"11,503"
506,107,HIGHEST IN THE ROOM,Travis Scott,07/09/2020,"11,433"
507,108,НЕ ЖАЛЬ,104,07/09/2020,"11,402"
508,109,27,FEDUK,07/09/2020,"11,369"
509,110,10 негритят,LSP,07/09/2020,"11,266"
510,111,Грустная Песня (feat. Егор Крид & MORGENSHTERN),THRILL PILL,07/09/2020,"11,241"
511,112,Марабу,ATL,07/09/2020,"11,229"
512,113,Это любовь,Scriptonite,07/09/2020,"11,191"
513,114,Малолетка,Max Korzh,07/09/2020,"11,181"
514,115,Balenciaga,FILV,07/09/2020,"11,070"
515,116,X2 - Prod. Gredy,Boulevard Depo,07/09/2020,"10,977"
516,117,Hokage,Big BaTape,07/09/2020,"10,964"
517,118,СПАСАТЕЛЬНЫЙ КРУГ,FACE,07/09/2020,"10,936"
518,119,Мне пох,Klava Koka,07/09/2020,"10,890"
519,120,Ты беспощадна,JONY,07/09/2020,"10,882"
520,121,Таблетка,Dzharo & Khanza,07/09/2020,"10,800"
521,122,Нон стоп,Poshlaja Molli,07/09/2020,"10,787"
522,123,ODIUM,LXST CXNTURY,07/09/2020,"10,726"
523,124,"WHATS POPPIN (feat. DaBaby, Tory Lanez & Lil Wayne) - Remix",Jack Harlow,07/09/2020,"10,613"
524,125,СМУЗИ,The Limba,07/09/2020,"10,596"
525,126,Пачка сигарет,LIZER,07/09/2020,"10,556"
526,127,Toosie Slide,Drake,07/09/2020,"10,541"
527,128,Fly 2,Zivert,07/09/2020,"10,537"
528,129,Мишка (feat. KATERINA),Poshlaja Molli,07/09/2020,"10,510"
529,130,Smile (with The Weeknd),Juice WRLD,07/09/2020,"10,499"
530,131,МАЛЬЧИК,ФОГЕЛЬ,07/09/2020,"10,499"
531,132,Perfect World,ROCKET,07/09/2020,"10,460"
532,133,В Потолок (feat. Boulevard Depo),KURT92,07/09/2020,"10,420"
533,134,Such a Whore (Stellular Remix),Jvla,07/09/2020,"10,376"
534,135,Евгений Онегин,kizaru,07/09/2020,"10,334"
535,136,Лига легенд,Noize MC,07/09/2020,"10,307"
536,137,Air Force 1,lil krystalll,07/09/2020,"10,228"
537,138,August,Intelligency,07/09/2020,"10,202"
538,139,THE SCOTTS,THE SCOTTS,07/09/2020,"10,189"
539,140,3x3,Gruppa Skryptonite,07/09/2020,"10,169"
540,141,SICKO MODE,Travis Scott,07/09/2020,"10,158"
541,142,Boom Boom,LOBODA,07/09/2020,"10,133"
542,143,"Lemonade (feat. Gunna, Don Toliver & NAV)",Internet Money,07/09/2020,"10,110"
543,144,Было или нет?,ANIKV,07/09/2020,"10,094"
544,145,что для тебя красота,maslo chernogo tmina,07/09/2020,"10,071"
545,146,Phantom,Markul,07/09/2020,"10,058"
546,147,Лето на ветер,GUF,07/09/2020,"10,050"
547,148,Surname (Prod. DJ Tape & Aarne),Big BaTape,07/09/2020,"10,048"
548,149,Минимум,Ямаджи,07/09/2020,"10,039"
549,150,"Бэнтли, Бенз и Бумер",Платина,07/09/2020,"9,951"
550,151,KONSTRUKT,PORCHY,07/09/2020,"9,922"
551,152,"The Plan - From the Motion Picture ""TENET""",Travis Scott,07/09/2020,"9,916"
552,153,Где нас нет,Oxxxymiron,07/09/2020,"9,841"
553,154,Малиновый закат,Max Korzh,07/09/2020,"9,840"
554,155,Комета,JONY,07/09/2020,"9,796"
555,156,For The Night (feat. Lil Baby & DaBaby),Pop Smoke,07/09/2020,"9,783"
556,157,Тёмно-оранжевый закат,Папин Олимпос,07/09/2020,"9,640"
557,158,Лютики,просто Лера,07/09/2020,"9,636"
558,159,ЯТЛ,Zivert,07/09/2020,"9,632"
559,160,Say No Mo,kizaru,07/09/2020,"9,602"
560,161,goosebumps,Travis Scott,07/09/2020,"9,569"
561,162,GOOBA,6ix9ine,07/09/2020,"9,528"
562,163,Fata Morgana,Markul,07/09/2020,"9,528"
563,164,Девочка танцуй,Artik & Asti,07/09/2020,"9,484"
564,165,Девочка в классе,Dzhizus,07/09/2020,"9,475"
565,166,Ау,10AGE,07/09/2020,"9,399"
566,167,OMG What's Happening,Ava Max,07/09/2020,"9,393"
567,168,Горы по колено,Max Korzh,07/09/2020,"9,374"
568,169,Худший друг,Markul,07/09/2020,"9,300"
569,170,Ламбада,T-Fest,07/09/2020,"9,263"
570,171,Больше бед,Markul,07/09/2020,"9,245"
571,172,А если это любовь?,HammAli & Navai,07/09/2020,"9,235"
572,173,Иуда,Husky,07/09/2020,"9,210"
573,174,Россия для грустных,Pornofilmy,07/09/2020,"9,210"
574,175,Yung Hefner,MORGENSHTERN,07/09/2020,"9,206"
575,176,Полковнику никто не пишет,Bi-2,07/09/2020,"9,190"
576,177,Money long,kizaru,07/09/2020,"9,173"
577,178,Я так соскучился,Pornofilmy,07/09/2020,"9,165"
578,179,Остров,МЫ,07/09/2020,"9,133"
579,180,God’s Menu,Stray Kids,07/09/2020,"9,105"
580,181,Parasite Eve,Bring Me The Horizon,07/09/2020,"9,033"
581,182,Море,MAYOT,07/09/2020,"9,030"
582,183,Девочка с картинки,Egor Kreed,07/09/2020,"9,020"
583,184,Каждый день,lil krystalll,07/09/2020,"9,018"
584,185,Break My Heart,Dua Lipa,07/09/2020,"9,006"
585,186,Веселей,Scriptonite,07/09/2020,"8,997"
586,187,Pretty Please,Jackson Wang,07/09/2020,"8,952"
587,188,Лилия (prod. by DooMee),MAYOT,07/09/2020,"8,923"
588,189,FALLEN,JEEMBO,07/09/2020,"8,902"
589,190,I Got Love,MiyaGi & Endspiel,07/09/2020,"8,894"
590,191,2 минуты,Markul,07/09/2020,"8,880"
591,192,DRUГ - Prod. by Airblade,Boulevard Depo,07/09/2020,"8,877"
592,193,Ахегао,MAYBE BABY,07/09/2020,"8,841"
593,194,Pullin Up,Soda,07/09/2020,"8,840"
594,195,Blueberry Faygo,Lil Mosey,07/09/2020,"8,834"
595,196,Младшая сестра,дора,07/09/2020,"8,812"
596,197,Не пускайте танцевать,Timran,07/09/2020,"8,800"
597,198,Хочу перемен,Kino,07/09/2020,"8,791"
598,199,The Box,Roddy Ricch,07/09/2020,"8,780"
599,200,Come & Go (with Marshmello),Juice WRLD,07/09/2020,"8,779"
0,1,Lollipop,Eldzhey,08/09/2020,"61,873"
1,2,ERRDAY,Big BaTape,08/09/2020,"58,457"
2,3,Dynamite,BTS,08/09/2020,"50,117"
3,4,Coco L'Eau,Egor Kreed,08/09/2020,"50,106"
4,5,Дежавю,kizaru,08/09/2020,"47,239"
5,6,WAP (feat. Megan Thee Stallion),Cardi B,08/09/2020,"45,209"
6,7,Меня не будет,ANIKV,08/09/2020,"38,096"
7,8,Cadillac,MORGENSHTERN,08/09/2020,"37,209"
8,9,Blinding Lights,The Weeknd,08/09/2020,"35,276"
9,10,Москва любит...,Scriptonite,08/09/2020,"34,982"
10,11,Friendly Fire - Prod. Avepack,Boulevard Depo,08/09/2020,"34,028"
11,12,Fendi,Rakhim,08/09/2020,"33,892"
12,13,Юность,Dabro,08/09/2020,"33,689"
13,14,X.O,The Limba,08/09/2020,"33,541"
14,15,Minor,Miyagi & Andy Panda,08/09/2020,"32,745"
15,16,Колхозник,Mnogoznaal,08/09/2020,"32,708"
16,17,Втюрилась,дора,08/09/2020,"31,868"
17,18,Поболело и прошло,HENSY,08/09/2020,"31,143"
18,19,Сияй,Ramil',08/09/2020,"30,108"
19,20,Ice Cream (with Selena Gomez),BLACKPINK,08/09/2020,"26,881"
20,21,Если тебе будет грустно,Rauf & Faik,08/09/2020,"26,029"
21,22,БЕГИ feat. Poët,DJ Smash,08/09/2020,"25,653"
22,23,ICE (feat. MORGENSHTERN),MORGENSHTERN,08/09/2020,"25,534"
23,24,Тепло,Max Korzh,08/09/2020,"24,552"
24,25,Забил,ATL,08/09/2020,"24,524"
25,26,Положение,Scriptonite,08/09/2020,"24,407"
26,27,Краш,Klava Koka,08/09/2020,"24,235"
27,28,Narcos,kizaru,08/09/2020,"22,883"
28,29,Вали,Канги,08/09/2020,"22,156"
29,30,2 типа людей,Max Korzh,08/09/2020,"22,152"
30,31,Trap Luv,Big BaTape,08/09/2020,"21,121"
31,32,Проснулся В Темноте,GONE.Fludd,08/09/2020,"20,160"
32,33,Аферист,Husky,08/09/2020,"19,858"
33,34,молчи,кис-кис,08/09/2020,"19,384"
34,35,Honey's Kettle,kizaru,08/09/2020,"19,285"
35,36,How You Like That,BLACKPINK,08/09/2020,"18,731"
36,37,Дорадура,дора,08/09/2020,"18,670"
37,38,Angry toy$ - Prod. Ray Qwa,Boulevard Depo,08/09/2020,"18,538"
38,39,Номера,LSP,08/09/2020,"18,529"
39,40,ВТОРНИК,GONE.Fludd,08/09/2020,"18,521"
40,41,Yamakasi,Miyagi & Andy Panda,08/09/2020,"18,186"
41,42,ROCKSTAR (feat. Roddy Ricch),DaBaby,08/09/2020,"18,053"
42,43,Конфеты,Markul,08/09/2020,"18,025"
43,44,Kosandra,Miyagi & Andy Panda,08/09/2020,"17,477"
44,45,Без ключа,PHARAOH,08/09/2020,"17,401"
45,46,ДЕВОЧКА С КАРЕ,MUKKA,08/09/2020,"17,159"
46,47,неболей,Basta,08/09/2020,"17,018"
47,48,Watermelon Sugar,Harry Styles,08/09/2020,"16,713"
48,49,Антигерой,Mnogoznaal,08/09/2020,"16,688"
49,50,MONEY LONG,kizaru,08/09/2020,"16,479"
50,51,Времена,Max Korzh,08/09/2020,"16,382"
51,52,Obey (with YUNGBLUD),Bring Me The Horizon,08/09/2020,"16,061"
52,53,Стресс,SALUKI,08/09/2020,"15,965"
53,54,Плачу на техно,Cream Soda,08/09/2020,"15,820"
54,55,Mood (feat. Iann Dior),24kGoldn,08/09/2020,"15,635"
55,56,Днями-ночами,Pyrokinesis,08/09/2020,"15,625"
56,57,Не Киряй,MUKKA,08/09/2020,"15,343"
57,58,Инкассатор,ROCKET,08/09/2020,"15,194"
58,59,Серпантин,ATL,08/09/2020,"15,127"
59,60,Всё в порядке,DK,08/09/2020,"15,084"
60,61,Серпантин,Markul,08/09/2020,"15,049"
61,62,Brooklyn,Miyagi & Andy Panda,08/09/2020,"14,808"
62,63,Цепи,Scriptonite,08/09/2020,"14,700"
63,64,ЮМОРИСТ - Original Motion Picture Soundtrack,FACE,08/09/2020,"14,619"
64,65,Мультибрендовый,Scriptonite,08/09/2020,"14,413"
65,66,Танцы,ssshhhiiittt!,08/09/2020,"14,353"
66,67,Привычка,Scriptonite,08/09/2020,"14,321"
67,68,Lovefool,twocolors,08/09/2020,"14,251"
68,69,Gimme The Loot,Big BaTape,08/09/2020,"14,103"
69,70,Ураган (feat. V $ X V PRiNCE),GUF,08/09/2020,"13,793"
70,71,THE BADDEST,K/DA,08/09/2020,"13,679"
71,72,Новый Мерин,MORGENSHTERN,08/09/2020,"13,629"
72,73,Falling,Trevor Daniel,08/09/2020,"13,552"
73,74,911,Eldzhey,08/09/2020,"13,537"
74,75,Midnight Sky,Miley Cyrus,08/09/2020,"13,528"
75,76,Breaking Me,Topic,08/09/2020,"13,319"
76,77,Шантаж,Max Korzh,08/09/2020,"13,134"
77,78,Покинула чат,Klava Koka,08/09/2020,"13,080"
78,79,Utopia,Miyagi & Andy Panda,08/09/2020,"13,051"
79,80,77,MACAN,08/09/2020,"13,014"
80,81,Кино,MACAN,08/09/2020,"13,002"
81,82,РАТАТАТАТА,MORGENSHTERN,08/09/2020,"12,976"
82,83,Дерзко,Truwer,08/09/2020,"12,962"
83,84,Надежда,FACE,08/09/2020,"12,874"
84,85,Гостиница Космос,Mnogoznaal,08/09/2020,"12,839"
85,86,Там ревели горы,Miyagi & Andy Panda,08/09/2020,"12,808"
86,87,Увезите меня на Дип-хаус,GAYAZOV$ BROTHER$,08/09/2020,"12,717"
87,88,В последний раз,Tima Belorusskih,08/09/2020,"12,618"
88,89,Любимка,NILETTO,08/09/2020,"12,498"
89,90,Kings & Queens,Ava Max,08/09/2020,"12,486"
90,91,B.I.D,Markul,08/09/2020,"12,327"
91,92,Кукла колдуна,Korol i Shut,08/09/2020,"12,271"
92,93,Ананасовый сироп,Natan,08/09/2020,"12,260"
93,94,Roses - Imanbek Remix,SAINt JHN,08/09/2020,"12,215"
94,95,She Wants,ROCKET,08/09/2020,"12,186"
95,96,Lollipop,Gafur,08/09/2020,"12,070"
96,97,Laugh Now Cry Later (feat. Lil Durk),Drake,08/09/2020,"11,944"
97,98,Star Shopping,Lil Peep,08/09/2020,"11,938"
98,99,Танцуйте,ATL,08/09/2020,"11,900"
99,100,Бандана,Платина,08/09/2020,"11,892"
100,101,Рашан моуст уонтэд,kizaru,08/09/2020,"11,850"
101,102,POPSTAR (feat. Drake),DJ Khaled,08/09/2020,"11,832"
102,103,НЕ ЖАЛЬ,104,08/09/2020,"11,807"
103,104,Малый повзрослел,Max Korzh,08/09/2020,"11,735"
104,105,Между Нами,LIZER,08/09/2020,"11,594"
105,106,X2 - Prod. Gredy,Boulevard Depo,08/09/2020,"11,537"
106,107,Не по пути,PHARAOH,08/09/2020,"11,338"
107,108,Это любовь,Scriptonite,08/09/2020,"11,335"
108,109,Infinite Tsukuyomi,ROCKET,08/09/2020,"11,274"
109,110,Марабу,ATL,08/09/2020,"11,272"
110,111,Малолетка,Max Korzh,08/09/2020,"11,216"
111,112,Balenciaga,FILV,08/09/2020,"11,215"
112,113,HIGHEST IN THE ROOM,Travis Scott,08/09/2020,"11,208"
113,114,Таблетка,Dzharo & Khanza,08/09/2020,"11,130"
114,115,27,FEDUK,08/09/2020,"11,092"
115,116,ODIUM,LXST CXNTURY,08/09/2020,"11,037"
116,117,"Lemonade (feat. Gunna, Don Toliver & NAV)",Internet Money,08/09/2020,"11,020"
117,118,Such a Whore (Stellular Remix),Jvla,08/09/2020,"10,961"
118,119,Минимум,Ямаджи,08/09/2020,"10,846"
119,120,Hokage,Big BaTape,08/09/2020,"10,833"
120,121,Нон стоп,Poshlaja Molli,08/09/2020,"10,823"
121,122,Евгений Онегин,kizaru,08/09/2020,"10,772"
122,123,Ты беспощадна,JONY,08/09/2020,"10,760"
123,124,Phantom,Markul,08/09/2020,"10,735"
124,125,Мишка (feat. KATERINA),Poshlaja Molli,08/09/2020,"10,710"
125,126,Мне пох,Klava Koka,08/09/2020,"10,678"
126,127,August,Intelligency,08/09/2020,"10,616"
127,128,Pullin Up,Soda,08/09/2020,"10,598"
128,129,Boom Boom,LOBODA,08/09/2020,"10,553"
129,130,10 негритят,LSP,08/09/2020,"10,523"
130,131,"WHATS POPPIN (feat. DaBaby, Tory Lanez & Lil Wayne) - Remix",Jack Harlow,08/09/2020,"10,517"
131,132,Грустная Песня (feat. Егор Крид & MORGENSHTERN),THRILL PILL,08/09/2020,"10,396"
132,133,СПАСАТЕЛЬНЫЙ КРУГ,FACE,08/09/2020,"10,380"
133,134,Air Force 1,lil krystalll,08/09/2020,"10,333"
134,135,Surname (Prod. DJ Tape & Aarne),Big BaTape,08/09/2020,"10,327"
135,136,Toosie Slide,Drake,08/09/2020,"10,322"
136,137,SICKO MODE,Travis Scott,08/09/2020,"10,311"
137,138,Fly 2,Zivert,08/09/2020,"10,265"
138,139,Где нас нет,Oxxxymiron,08/09/2020,"10,253"
139,140,Пачка сигарет,LIZER,08/09/2020,"10,215"
140,141,For The Night (feat. Lil Baby & DaBaby),Pop Smoke,08/09/2020,"10,204"
141,142,СМУЗИ,The Limba,08/09/2020,"10,198"
142,143,Лютики,просто Лера,08/09/2020,"10,180"
143,144,МАЛЬЧИК,ФОГЕЛЬ,08/09/2020,"10,169"
144,145,Smile (with The Weeknd),Juice WRLD,08/09/2020,"10,168"
145,146,THE SCOTTS,THE SCOTTS,08/09/2020,"9,991"
146,147,Девочка танцуй,Artik & Asti,08/09/2020,"9,974"
147,148,Say No Mo,kizaru,08/09/2020,"9,942"
148,149,KONSTRUKT,PORCHY,08/09/2020,"9,922"
149,150,ЯТЛ,Zivert,08/09/2020,"9,893"
150,151,что для тебя красота,maslo chernogo tmina,08/09/2020,"9,884"
151,152,Малиновый закат,Max Korzh,08/09/2020,"9,878"
152,153,Perfect World,ROCKET,08/09/2020,"9,765"
153,154,Тёмно-оранжевый закат,Папин Олимпос,08/09/2020,"9,723"
154,155,goosebumps,Travis Scott,08/09/2020,"9,703"
155,156,Fata Morgana,Markul,08/09/2020,"9,690"
156,157,Комета,JONY,08/09/2020,"9,677"
157,158,В Потолок (feat. Boulevard Depo),KURT92,08/09/2020,"9,669"
158,159,Не пускайте танцевать,Timran,08/09/2020,"9,658"
159,160,Девочка в классе,Dzhizus,08/09/2020,"9,588"
160,161,3x3,Gruppa Skryptonite,08/09/2020,"9,573"
161,162,"Бэнтли, Бенз и Бумер",Платина,08/09/2020,"9,555"
162,163,Лето на ветер,GUF,08/09/2020,"9,554"
163,164,Горы по колено,Max Korzh,08/09/2020,"9,492"
164,165,ON,BTS,08/09/2020,"9,470"
165,166,Было или нет?,ANIKV,08/09/2020,"9,462"
166,167,Break My Heart,Dua Lipa,08/09/2020,"9,460"
167,168,ВКУС ЯДА (feat. IROH),GONE.Fludd,08/09/2020,"9,449"
168,169,Ламбада,T-Fest,08/09/2020,"9,439"
169,170,Россия для грустных,Pornofilmy,08/09/2020,"9,379"
170,171,Полковнику никто не пишет,Bi-2,08/09/2020,"9,370"
171,172,Иуда,Husky,08/09/2020,"9,327"
172,173,Money long,kizaru,08/09/2020,"9,324"
173,174,Ау,10AGE,08/09/2020,"9,211"
174,175,"The Plan - From the Motion Picture ""TENET""",Travis Scott,08/09/2020,"9,210"
175,176,Мадам,JONY,08/09/2020,"9,197"
176,177,Девочка с картинки,Egor Kreed,08/09/2020,"9,166"
177,178,Я так соскучился,Pornofilmy,08/09/2020,"9,124"
178,179,Daechwita,Agust D,08/09/2020,"9,124"
179,180,А если это любовь?,HammAli & Navai,08/09/2020,"9,122"
180,181,GOOBA,6ix9ine,08/09/2020,"9,115"
181,182,I Got Love,MiyaGi & Endspiel,08/09/2020,"9,092"
182,183,Краски,FEDUK,08/09/2020,"9,083"
183,184,Веселей,Scriptonite,08/09/2020,"9,076"
184,185,OMG What's Happening,Ava Max,08/09/2020,"9,070"
185,186,Худший друг,Markul,08/09/2020,"9,061"
186,187,Каждый день,lil krystalll,08/09/2020,"9,026"
187,188,Come & Go (with Marshmello),Juice WRLD,08/09/2020,"9,011"
188,189,Остров,МЫ,08/09/2020,"9,010"
189,190,Yung Hefner,MORGENSHTERN,08/09/2020,"8,972"
190,191,Прыгну со скалы,Korol i Shut,08/09/2020,"8,945"
191,192,Лига легенд,Noize MC,08/09/2020,"8,892"
192,193,Животные,Scriptonite,08/09/2020,"8,889"
193,194,Французский поцелуй,Misha Marvin,08/09/2020,"8,873"
194,195,Больше бед,Markul,08/09/2020,"8,827"
195,196,Монетка,LSP,08/09/2020,"8,824"
196,197,Blueberry Faygo,Lil Mosey,08/09/2020,"8,779"
197,198,God’s Menu,Stray Kids,08/09/2020,"8,772"
198,199,Младшая сестра,дора,08/09/2020,"8,760"
199,200,Хочу перемен,Kino,08/09/2020,"8,746"
